requested_datetime,closed_date,status_description,service_name,supervisor_district
2023-02-28T01:10:05.000,nan,Open,Street and Sidewalk Cleaning,3
2023-02-28T01:09:27.000,nan,Open,Street and Sidewalk Cleaning,2
2023-02-28T00:58:00.000,nan,Open,Street and Sidewalk Cleaning,1
2023-02-28T00:57:37.000,nan,Open,Street and Sidewalk Cleaning,3
2023-02-28T00:54:47.000,nan,Open,Street and Sidewalk Cleaning,1
2023-02-28T00:53:02.000,nan,Open,Street and Sidewalk Cleaning,3
2023-02-28T00:26:04.000,nan,Open,Noise Report,11
2023-02-28T00:23:00.000,nan,Open,Street and Sidewalk Cleaning,4
2023-02-28T00:22:00.000,nan,Open,Street and Sidewalk Cleaning,4
2023-02-28T00:18:26.000,nan,Open,Abandoned Vehicle,10
2023-02-28T00:18:00.000,nan,Open,Residential Building Request,5
2023-02-28T00:17:32.000,nan,Open,Street and Sidewalk Cleaning,1
2023-02-28T00:01:24.000,nan,Open,Street and Sidewalk Cleaning,1
2023-02-27T23:52:00.000,nan,Open,Encampments,2
2023-02-27T23:51:00.000,nan,Open,Sewer Issues,4
2023-02-27T23:48:00.000,2023-02-28T00:08:00.000,Closed,Sewer Issues,11
2023-02-27T23:47:00.000,nan,Open,Parking Enforcement,3
2023-02-27T23:47:00.000,nan,Open,Street and Sidewalk Cleaning,3
2023-02-27T23:46:49.000,2023-02-27T23:50:00.000,Closed,Noise Report,3
2023-02-27T23:44:00.000,nan,Open,Sewer Issues,9
2023-02-27T23:38:00.000,nan,Open,Tree Maintenance,7
2023-02-27T23:32:00.000,nan,Open,Parking Enforcement,6
2023-02-27T23:30:02.000,nan,Open,Street and Sidewalk Cleaning,2
2023-02-27T23:29:24.000,nan,Open,Sign Repair,9
2023-02-27T23:23:15.000,nan,Open,Encampments,6
2023-02-27T23:05:12.000,nan,Open,Streetlights,8
2023-02-27T23:04:00.000,2023-02-28T00:56:37.000,Closed,Parking Enforcement,5
2023-02-27T22:58:00.000,nan,Open,Graffiti,10
2023-02-27T22:54:34.000,nan,Open,Street and Sidewalk Cleaning,1
2023-02-27T22:52:00.000,2023-02-27T23:50:00.000,Closed,Street and Sidewalk Cleaning,9
2023-02-27T22:51:42.000,nan,Open,Noise Report,1
2023-02-27T22:46:00.000,2023-02-27T23:10:50.000,Closed,Parking Enforcement,11
2023-02-27T22:46:00.000,2023-02-27T22:50:33.000,Closed,Parking Enforcement,8
2023-02-27T22:40:39.000,nan,Open,Street and Sidewalk Cleaning,3
2023-02-27T22:33:00.000,2023-02-27T22:57:03.000,Closed,Parking Enforcement,2
2023-02-27T22:31:07.000,nan,Open,Sidewalk or Curb,4
2023-02-27T22:31:00.000,2023-02-27T23:42:16.000,Closed,Parking Enforcement,3
2023-02-27T22:29:53.000,nan,Open,Blocked Street or SideWalk,5
2023-02-27T22:29:00.000,nan,Open,Street and Sidewalk Cleaning,3
2023-02-27T22:29:00.000,nan,Open,Abandoned Vehicle,11
2023-02-27T22:20:00.000,2023-02-27T22:34:48.000,Closed,Parking Enforcement,4
2023-02-27T22:15:00.000,nan,Open,Street and Sidewalk Cleaning,9
2023-02-27T22:07:17.000,nan,Open,Streetlights,7
2023-02-27T22:06:00.000,nan,Open,Residential Building Request,5
2023-02-27T22:02:00.000,2023-02-27T23:07:06.000,Closed,Parking Enforcement,9
2023-02-27T21:54:26.000,nan,Open,General Request - MTA,8
2023-02-27T21:51:56.000,nan,Open,Street and Sidewalk Cleaning,1
2023-02-27T21:50:52.000,nan,Open,Street and Sidewalk Cleaning,6
2023-02-27T21:48:34.000,nan,Open,Street and Sidewalk Cleaning,9
2023-02-27T21:45:54.000,nan,Open,Street and Sidewalk Cleaning,1
2023-02-27T21:45:00.000,nan,Open,Encampments,9
2023-02-27T21:45:00.000,nan,Open,Street and Sidewalk Cleaning,10
2023-02-27T21:43:00.000,nan,Open,Street and Sidewalk Cleaning,10
2023-02-27T21:42:00.000,nan,Open,Street and Sidewalk Cleaning,8
2023-02-27T21:41:00.000,2023-02-27T22:41:59.000,Closed,Parking Enforcement,11
2023-02-27T21:39:00.000,nan,Open,Graffiti,9
2023-02-27T21:38:00.000,2023-02-27T23:00:36.000,Closed,Parking Enforcement,8
2023-02-27T21:35:00.000,nan,Open,Parking Enforcement,3
2023-02-27T21:34:00.000,nan,Open,Street and Sidewalk Cleaning,3
2023-02-27T21:28:00.000,2023-02-27T21:58:30.000,Closed,Parking Enforcement,10
2023-02-27T21:24:00.000,2023-02-27T22:17:39.000,Closed,Parking Enforcement,7
2023-02-27T21:20:00.000,nan,Open,Street Defects,6
2023-02-27T21:19:00.000,nan,Open,Street and Sidewalk Cleaning,9
2023-02-27T21:19:00.000,nan,Open,Street and Sidewalk Cleaning,11
2023-02-27T21:16:00.000,2023-02-27T23:12:06.000,Closed,Parking Enforcement,6
2023-02-27T21:14:00.000,nan,Open,Street Defects,10
2023-02-27T21:14:00.000,2023-02-27T21:42:26.000,Closed,Parking Enforcement,5
2023-02-27T21:10:32.000,nan,Open,Street and Sidewalk Cleaning,3
2023-02-27T20:47:00.000,nan,Open,Street and Sidewalk Cleaning,5
2023-02-27T20:44:00.000,nan,Open,Street Defects,4
2023-02-27T20:41:00.000,2023-02-27T20:48:19.000,Closed,Parking Enforcement,6
2023-02-27T20:41:00.000,nan,Open,General Request - PUBLIC WORKS,1
2023-02-27T20:40:54.000,nan,Open,Street and Sidewalk Cleaning,1
2023-02-27T20:40:00.000,2023-02-27T20:43:59.000,Closed,Parking Enforcement,6
2023-02-27T20:40:00.000,2023-02-27T20:44:50.000,Closed,Parking Enforcement,6
2023-02-27T20:39:00.000,2023-02-27T20:43:37.000,Closed,Parking Enforcement,6
2023-02-27T20:39:00.000,nan,Open,Damaged Property,2
2023-02-27T20:37:00.000,nan,Open,Street and Sidewalk Cleaning,1
2023-02-27T20:34:00.000,nan,Open,Street and Sidewalk Cleaning,11
2023-02-27T20:33:00.000,nan,Open,Encampments,5
2023-02-27T20:22:00.000,nan,Open,Encampments,6
2023-02-27T20:20:39.000,nan,Open,Street Defects,5
2023-02-27T20:20:00.000,2023-02-27T21:31:34.000,Closed,Parking Enforcement,5
2023-02-27T20:20:00.000,nan,Open,Encampments,6
2023-02-27T20:20:00.000,2023-02-27T20:23:52.000,Closed,Parking Enforcement,6
2023-02-27T20:19:00.000,nan,Open,General Request - PUBLIC WORKS,9
2023-02-27T20:19:00.000,2023-02-27T20:23:09.000,Closed,Parking Enforcement,6
2023-02-27T20:18:00.000,2023-02-27T20:24:24.000,Closed,Parking Enforcement,6
2023-02-27T20:17:00.000,2023-02-27T20:23:29.000,Closed,Parking Enforcement,6
2023-02-27T20:17:00.000,2023-02-27T20:36:09.000,Closed,Sewer Issues,1
2023-02-27T20:12:57.000,nan,Open,Street and Sidewalk Cleaning,3
2023-02-27T20:09:18.000,nan,Open,Litter Receptacles,3
2023-02-27T20:09:04.000,nan,Open,Street and Sidewalk Cleaning,3
2023-02-27T20:08:00.000,nan,Open,Street and Sidewalk Cleaning,2
2023-02-27T20:06:42.000,nan,Open,Child Request,9
2023-02-27T20:05:00.000,nan,Open,Shared Spaces Violation,9
2023-02-27T20:04:54.000,nan,Open,Street and Sidewalk Cleaning,4
2023-02-27T20:04:45.000,nan,Open,Litter Receptacles,3
2023-02-27T20:04:30.000,nan,Open,Streetlights,7
2023-02-27T20:02:00.000,nan,Open,Street and Sidewalk Cleaning,2
2023-02-27T19:59:15.000,nan,Open,Encampments,7
2023-02-27T19:58:14.000,nan,Open,Abandoned Vehicle,2
2023-02-27T19:56:54.000,nan,Open,Noise Report,8
2023-02-27T19:55:00.000,2023-02-27T20:25:30.000,Closed,Parking Enforcement,6
2023-02-27T19:54:00.000,2023-02-27T20:24:50.000,Closed,Parking Enforcement,6
2023-02-27T19:53:00.000,nan,Open,Street and Sidewalk Cleaning,1
2023-02-27T19:51:00.000,nan,Open,General Request - PUBLIC WORKS,5
2023-02-27T19:49:00.000,2023-02-27T20:22:49.000,Closed,Parking Enforcement,3
2023-02-27T19:46:00.000,nan,Open,Graffiti,2
2023-02-27T19:46:00.000,2023-02-27T22:46:12.000,Closed,Parking Enforcement,9
2023-02-27T19:44:00.000,nan,Open,Graffiti,2
2023-02-27T19:43:00.000,2023-02-27T19:53:09.000,Closed,Parking Enforcement,9
2023-02-27T19:42:00.000,nan,Open,Muni Service Feedback,7
2023-02-27T19:40:00.000,nan,Open,Graffiti,2
2023-02-27T19:40:00.000,nan,Open,Graffiti,2
2023-02-27T19:40:00.000,nan,Open,Street and Sidewalk Cleaning,3
2023-02-27T19:39:00.000,nan,Open,Street and Sidewalk Cleaning,10
2023-02-27T19:39:00.000,2023-02-27T22:17:22.000,Closed,Damaged Property,5
2023-02-27T19:38:48.000,nan,Open,Streetlights,5
2023-02-27T19:38:08.000,nan,Open,Sign Repair,2
2023-02-27T19:36:34.000,nan,Open,Tree Maintenance,5
2023-02-27T19:36:29.000,nan,Open,Graffiti,2
2023-02-27T19:36:00.000,2023-02-27T20:25:11.000,Closed,Parking Enforcement,6
2023-02-27T19:34:23.000,2023-02-27T22:17:19.000,Closed,Illegal Postings,2
2023-02-27T19:34:09.000,2023-02-27T22:17:21.000,Closed,Illegal Postings,2
2023-02-27T19:33:00.000,nan,Open,Street and Sidewalk Cleaning,5
2023-02-27T19:33:00.000,nan,Open,Graffiti,2
2023-02-27T19:33:00.000,2023-02-28T00:16:00.000,Closed,Street and Sidewalk Cleaning,2
2023-02-27T19:33:00.000,2023-02-27T22:17:16.000,Closed,Graffiti,2
2023-02-27T19:32:48.000,nan,Open,Sign Repair,2
2023-02-27T19:32:23.000,2023-02-27T22:17:14.000,Closed,Illegal Postings,2
2023-02-27T19:31:59.000,2023-02-27T22:17:18.000,Closed,Illegal Postings,3
2023-02-27T19:31:51.000,nan,Open,Street and Sidewalk Cleaning,3
2023-02-27T19:31:20.000,nan,Open,Illegal Postings,3
2023-02-27T19:31:00.000,nan,Open,General Request - PUBLIC WORKS,3
2023-02-27T19:30:18.000,nan,Open,Street and Sidewalk Cleaning,9
2023-02-27T19:30:00.000,nan,Open,Graffiti,3
2023-02-27T19:30:00.000,nan,Open,Graffiti,6
2023-02-27T19:30:00.000,nan,Open,Illegal Postings,3
2023-02-27T19:30:00.000,nan,Open,Graffiti,3
2023-02-27T19:29:00.000,nan,Open,Street and Sidewalk Cleaning,2
2023-02-27T19:29:00.000,2023-02-27T23:43:20.000,Closed,Parking Enforcement,8
2023-02-27T19:29:00.000,nan,Open,Graffiti,3
2023-02-27T19:29:00.000,nan,Open,Illegal Postings,3
2023-02-27T19:28:55.000,2023-02-27T20:18:37.000,Closed,Sewer Issues,1
2023-02-27T19:28:26.000,nan,Open,Sign Repair,3
2023-02-27T19:28:00.000,nan,Open,Street and Sidewalk Cleaning,2
2023-02-27T19:28:00.000,nan,Open,General Request - PUBLIC WORKS,3
2023-02-27T19:28:00.000,nan,Open,Illegal Postings,3
2023-02-27T19:27:47.000,nan,Open,Illegal Postings,3
2023-02-27T19:27:03.000,nan,Open,Sign Repair,3
2023-02-27T19:27:00.000,nan,Open,Graffiti,2
2023-02-27T19:27:00.000,nan,Open,General Request - RENT BOARD,3
2023-02-27T19:27:00.000,nan,Open,Graffiti,3
2023-02-27T19:26:41.000,nan,Open,Illegal Postings,2
2023-02-27T19:26:04.000,2023-02-27T22:17:15.000,Closed,Illegal Postings,2
2023-02-27T19:25:26.000,nan,Open,Sidewalk or Curb,6
2023-02-27T19:25:00.000,nan,Open,Graffiti,2
2023-02-27T19:25:00.000,2023-02-27T22:17:12.000,Closed,Graffiti,2
2023-02-27T19:25:00.000,nan,Open,Graffiti,2
2023-02-27T19:24:56.000,nan,Open,General Request - MTA,2
2023-02-27T19:24:00.000,nan,Open,Graffiti,2
2023-02-27T19:24:00.000,nan,Open,Encampments,6
2023-02-27T19:24:00.000,nan,Open,General Request - PUBLIC WORKS,10
2023-02-27T19:24:00.000,nan,Open,Graffiti,8
2023-02-27T19:24:00.000,2023-02-27T20:17:04.000,Closed,Parking Enforcement,3
2023-02-27T19:24:00.000,nan,Open,Street and Sidewalk Cleaning,8
2023-02-27T19:23:38.000,nan,Open,Illegal Postings,2
2023-02-27T19:23:00.000,2023-02-27T20:59:24.000,Closed,Parking Enforcement,5
2023-02-27T19:23:00.000,nan,Open,General Request - PUBLIC WORKS,3
2023-02-27T19:23:00.000,2023-02-27T20:52:05.000,Closed,Catch Basin Maintenance,6
2023-02-27T19:21:00.000,2023-02-27T22:17:09.000,Closed,Illegal Postings,3
2023-02-27T19:21:00.000,nan,Open,Tree Maintenance,9
2023-02-27T19:20:06.000,nan,Open,Street and Sidewalk Cleaning,6
2023-02-27T19:20:00.000,2023-02-27T22:17:07.000,Closed,Graffiti,3
2023-02-27T19:19:00.000,nan,Open,General Request - PUBLIC WORKS,3
2023-02-27T19:17:29.000,nan,Open,Sign Repair,3
2023-02-27T19:16:04.000,nan,Open,Street and Sidewalk Cleaning,9
2023-02-27T19:16:00.000,2023-02-27T22:17:11.000,Closed,Graffiti,3
2023-02-27T19:16:00.000,nan,Open,Street and Sidewalk Cleaning,5
2023-02-27T19:16:00.000,2023-02-27T22:17:09.000,Closed,Graffiti,3
2023-02-27T19:16:00.000,2023-02-27T20:35:37.000,Closed,Parking Enforcement,8
2023-02-27T19:15:30.000,2023-02-27T22:17:06.000,Closed,Illegal Postings,3
2023-02-27T19:15:00.000,nan,Open,Street and Sidewalk Cleaning,10
2023-02-27T19:14:35.000,nan,Open,Sign Repair,3
2023-02-27T19:13:00.000,nan,Open,Graffiti,3
2023-02-27T19:12:00.000,2023-02-27T20:07:22.000,Closed,Parking Enforcement,10
2023-02-27T19:12:00.000,nan,Open,Illegal Postings,3
2023-02-27T19:11:00.000,nan,Open,Graffiti,3
2023-02-27T19:10:00.000,nan,Open,Illegal Postings,3
2023-02-27T19:09:00.000,nan,Open,General Request - PUBLIC WORKS,3
2023-02-27T19:09:00.000,2023-02-27T20:42:57.000,Closed,Parking Enforcement,8
2023-02-27T19:08:00.000,nan,Open,Illegal Postings,3
2023-02-27T19:08:00.000,nan,Open,Litter Receptacles,3
2023-02-27T19:07:00.000,nan,Open,Illegal Postings,3
2023-02-27T19:07:00.000,nan,Open,Illegal Postings,3
2023-02-27T19:06:40.000,nan,Open,Sign Repair,3
2023-02-27T19:06:00.000,nan,Open,Street and Sidewalk Cleaning,10
2023-02-27T19:06:00.000,nan,Open,Graffiti,3
2023-02-27T19:06:00.000,2023-02-27T19:39:13.000,Closed,Parking Enforcement,2
2023-02-27T19:06:00.000,nan,Open,Illegal Postings,3
2023-02-27T19:06:00.000,nan,Open,Abandoned Vehicle,3
2023-02-27T19:05:00.000,nan,Open,Graffiti,3
2023-02-27T19:05:00.000,2023-02-27T19:23:56.000,Closed,General Request - MTA,4
2023-02-27T19:04:58.000,nan,Open,Graffiti,3
2023-02-27T19:04:25.000,nan,Open,Sign Repair,3
2023-02-27T19:04:00.000,nan,Open,Street and Sidewalk Cleaning,3
2023-02-27T19:03:46.000,nan,Open,Sign Repair,3
2023-02-27T19:03:00.000,nan,Open,General Request - PUBLIC WORKS,3
2023-02-27T19:02:47.000,nan,Open,Sign Repair,3
2023-02-27T19:02:00.000,nan,Open,Graffiti,3
2023-02-27T19:02:00.000,nan,Open,Illegal Postings,3
2023-02-27T19:01:18.000,nan,Open,Abandoned Vehicle,4
2023-02-27T19:01:00.000,nan,Open,Illegal Postings,3
2023-02-27T19:01:00.000,nan,Open,Encampments,5
2023-02-27T19:01:00.000,nan,Open,Graffiti,3
2023-02-27T19:00:00.000,nan,Open,Graffiti,3
2023-02-27T19:00:00.000,nan,Open,Graffiti,3
2023-02-27T19:00:00.000,nan,Open,Graffiti,3
2023-02-27T18:59:00.000,nan,Open,Illegal Postings,3
2023-02-27T18:58:10.000,nan,Open,Street and Sidewalk Cleaning,2
2023-02-27T18:58:00.000,nan,Open,Illegal Postings,3
2023-02-27T18:58:00.000,2023-02-27T19:31:16.000,Closed,Parking Enforcement,11
2023-02-27T18:57:59.000,2023-02-27T19:56:57.000,Closed,Sewer Issues,9
2023-02-27T18:53:49.000,nan,Open,Street and Sidewalk Cleaning,2
2023-02-27T18:53:37.000,nan,Open,Street and Sidewalk Cleaning,3
2023-02-27T18:52:00.000,nan,Open,Street and Sidewalk Cleaning,1
2023-02-27T18:52:00.000,2023-02-27T19:17:49.000,Closed,Parking Enforcement,2
2023-02-27T18:50:00.000,2023-02-27T19:32:56.000,Closed,Parking Enforcement,5
2023-02-27T18:46:11.000,2023-02-28T00:30:16.000,Closed,Noise Report,11
2023-02-27T18:46:00.000,nan,Open,Street and Sidewalk Cleaning,1
2023-02-27T18:45:55.000,nan,Open,Streetlights,4
2023-02-27T18:45:00.000,nan,Open,Encampments,5
2023-02-27T18:41:57.000,nan,Open,Street and Sidewalk Cleaning,6
2023-02-27T18:39:00.000,2023-02-27T19:13:22.000,Closed,Parking Enforcement,5
2023-02-27T18:39:00.000,nan,Open,Tree Maintenance,3
2023-02-27T18:38:29.000,2023-02-28T00:30:16.000,Closed,Noise Report,11
2023-02-27T18:38:00.000,nan,Open,Tree Maintenance,3
2023-02-27T18:38:00.000,nan,Open,Tree Maintenance,5
2023-02-27T18:35:00.000,nan,Open,General Request - PUBLIC WORKS,8
2023-02-27T18:34:00.000,nan,Open,Street and Sidewalk Cleaning,3
2023-02-27T18:34:00.000,nan,Open,General Request - PUBLIC WORKS,3
2023-02-27T18:34:00.000,nan,Open,General Request - PUBLIC WORKS,9
2023-02-27T18:33:23.000,2023-02-27T22:17:03.000,Closed,Illegal Postings,3
2023-02-27T18:33:00.000,nan,Open,Abandoned Vehicle,7
2023-02-27T18:32:00.000,nan,Open,Illegal Postings,3
2023-02-27T18:31:50.000,nan,Open,Illegal Postings,3
2023-02-27T18:31:00.000,nan,Open,Muni Employee Feedback,8
2023-02-27T18:31:00.000,2023-02-27T22:17:04.000,Closed,Graffiti,3
2023-02-27T18:31:00.000,nan,Open,Graffiti,2
2023-02-27T18:31:00.000,2023-02-27T22:17:00.000,Closed,Graffiti,3
2023-02-27T18:30:31.000,nan,Open,Graffiti,3
2023-02-27T18:30:00.000,nan,Open,Illegal Postings,2
2023-02-27T18:30:00.000,nan,Open,Street and Sidewalk Cleaning,5
2023-02-27T18:30:00.000,2023-02-27T19:09:20.000,Closed,Parking Enforcement,1
2023-02-27T18:30:00.000,nan,Open,Illegal Postings,2
2023-02-27T18:30:00.000,2023-02-27T22:16:58.000,Closed,Graffiti,3
2023-02-27T18:29:55.000,nan,Open,Sign Repair,2
2023-02-27T18:29:51.000,2023-02-27T22:17:01.000,Closed,Illegal Postings,2
2023-02-27T18:29:43.000,nan,Open,Encampments,6
2023-02-27T18:29:01.000,nan,Open,Street and Sidewalk Cleaning,1
2023-02-27T18:29:00.000,nan,Open,Graffiti,2
2023-02-27T18:29:00.000,nan,Open,Graffiti,2
2023-02-27T18:29:00.000,nan,Open,Illegal Postings,2
2023-02-27T18:29:00.000,2023-02-27T22:16:59.000,Closed,Damaged Property,5
2023-02-27T18:29:00.000,nan,Open,Encampments,5
2023-02-27T18:29:00.000,nan,Open,Illegal Postings,2
2023-02-27T18:29:00.000,2023-02-27T22:16:52.000,Closed,Graffiti,2
2023-02-27T18:29:00.000,2023-02-27T22:16:55.000,Closed,Graffiti,2
2023-02-27T18:29:00.000,nan,Open,Illegal Postings,2
2023-02-27T18:29:00.000,nan,Open,Illegal Postings,2
2023-02-27T18:29:00.000,nan,Open,Encampments,10
2023-02-27T18:29:00.000,nan,Open,Illegal Postings,2
2023-02-27T18:28:55.000,nan,Open,Street and Sidewalk Cleaning,1
2023-02-27T18:28:35.000,nan,Open,Graffiti,2
2023-02-27T18:28:21.000,nan,Open,Street and Sidewalk Cleaning,5
2023-02-27T18:28:12.000,nan,Open,Abandoned Vehicle,7
2023-02-27T18:28:01.000,nan,Open,Encampments,10
2023-02-27T18:28:00.000,nan,Open,Street and Sidewalk Cleaning,5
2023-02-27T18:28:00.000,nan,Open,General Request - PUBLIC WORKS,5
2023-02-27T18:28:00.000,nan,Open,Illegal Postings,2
2023-02-27T18:28:00.000,nan,Open,General Request - PUBLIC WORKS,9
2023-02-27T18:28:00.000,nan,Open,Street and Sidewalk Cleaning,5
2023-02-27T18:28:00.000,nan,Open,General Request - PUBLIC WORKS,2
2023-02-27T18:28:00.000,nan,Open,Street and Sidewalk Cleaning,11
2023-02-27T18:28:00.000,nan,Open,Graffiti,2
2023-02-27T18:28:00.000,2023-02-27T22:16:56.000,Closed,Street and Sidewalk Cleaning,5
2023-02-27T18:28:00.000,nan,Open,Street and Sidewalk Cleaning,8
2023-02-27T18:28:00.000,nan,Open,Graffiti,2
2023-02-27T18:27:53.000,nan,Open,Graffiti,2
2023-02-27T18:27:44.000,2023-02-27T22:16:54.000,Closed,Illegal Postings,2
2023-02-27T18:27:00.000,nan,Open,Graffiti,2
2023-02-27T18:27:00.000,nan,Open,Street and Sidewalk Cleaning,2
2023-02-27T18:27:00.000,nan,Open,Street and Sidewalk Cleaning,5
2023-02-27T18:27:00.000,nan,Open,Street and Sidewalk Cleaning,10
2023-02-27T18:15:00.000,nan,Open,Street and Sidewalk Cleaning,8
2023-02-27T18:14:09.000,nan,Open,Graffiti,2
2023-02-27T18:14:00.000,nan,Open,Street and Sidewalk Cleaning,4
2023-02-27T18:13:00.000,2023-02-27T18:37:38.000,Closed,Parking Enforcement,7
2023-02-27T18:13:00.000,nan,Open,General Request - PUBLIC WORKS,5
2023-02-27T18:13:00.000,2023-02-27T19:05:22.000,Closed,Sewer Issues,4
2023-02-27T18:11:35.000,nan,Open,Street and Sidewalk Cleaning,8
2023-02-27T18:11:00.000,2023-02-27T18:35:43.000,Closed,Parking Enforcement,9
2023-02-27T18:11:00.000,nan,Open,Parking Enforcement,7
2023-02-27T18:09:00.000,nan,Open,Graffiti,5
2023-02-27T18:09:00.000,nan,Open,Encampments,10
2023-02-27T18:08:00.000,nan,Open,Graffiti,5
2023-02-27T18:08:00.000,nan,Open,Street and Sidewalk Cleaning,2
2023-02-27T18:07:41.000,nan,Open,Street and Sidewalk Cleaning,2
2023-02-27T18:07:21.000,nan,Open,Abandoned Vehicle,9
2023-02-27T18:07:00.000,nan,Open,General Request - PUC,1
2023-02-27T18:07:00.000,nan,Open,Graffiti,5
2023-02-27T18:06:27.000,nan,Open,Abandoned Vehicle,9
2023-02-27T18:06:00.000,nan,Open,Graffiti,5
2023-02-27T18:04:01.000,nan,Open,Street and Sidewalk Cleaning,1
2023-02-27T18:04:00.000,nan,Open,Graffiti,2
2023-02-27T18:03:00.000,nan,Open,Street Defects,10
2023-02-27T18:01:00.000,nan,Open,Street and Sidewalk Cleaning,6
2023-02-27T18:01:00.000,nan,Open,Street and Sidewalk Cleaning,5
2023-02-27T18:01:00.000,nan,Open,Street and Sidewalk Cleaning,9
2023-02-27T18:01:00.000,nan,Open,Damaged Property,4
2023-02-27T18:00:00.000,2023-02-27T18:54:00.000,Closed,Sewer Issues,6
2023-02-27T18:00:00.000,nan,Open,Street and Sidewalk Cleaning,9
2023-02-27T17:59:47.000,2023-02-27T18:45:02.000,Closed,Sewer Issues,4
2023-02-27T17:58:42.000,nan,Open,Child Request,10
2023-02-27T17:58:00.000,nan,Open,Graffiti,11
2023-02-27T17:57:00.000,nan,Open,Street and Sidewalk Cleaning,3
2023-02-27T17:57:00.000,nan,Open,Shared Spaces Violation,10
2023-02-27T17:57:00.000,nan,Open,Street and Sidewalk Cleaning,9
2023-02-27T17:56:48.000,nan,Open,Abandoned Vehicle,6
2023-02-27T17:56:00.000,nan,Open,General Request - PUBLIC WORKS,11
2023-02-27T17:56:00.000,nan,Open,Street and Sidewalk Cleaning,3
2023-02-27T17:55:00.000,nan,Open,Parking Enforcement,10
2023-02-27T17:53:00.000,nan,Open,Parking Enforcement,5
2023-02-27T17:52:00.000,2023-02-27T22:16:50.000,Closed,Graffiti,11
2023-02-27T17:51:00.000,nan,Open,Street and Sidewalk Cleaning,9
2023-02-27T17:51:00.000,nan,Open,Street and Sidewalk Cleaning,9
2023-02-27T17:51:00.000,nan,Open,Street and Sidewalk Cleaning,6
2023-02-27T17:50:00.000,nan,Open,Street and Sidewalk Cleaning,6
2023-02-27T17:50:00.000,nan,Open,Street and Sidewalk Cleaning,9
2023-02-27T17:49:00.000,nan,Open,Graffiti,5
2023-02-27T17:49:00.000,nan,Open,Graffiti,8
2023-02-27T17:49:00.000,nan,Open,Street and Sidewalk Cleaning,9
2023-02-27T17:48:43.000,nan,Open,Encampments,5
2023-02-27T17:48:08.000,nan,Open,Street and Sidewalk Cleaning,2
2023-02-27T17:48:00.000,nan,Open,Street and Sidewalk Cleaning,9
2023-02-27T17:47:05.000,nan,Open,Tree Maintenance,8
2023-02-27T17:47:00.000,nan,Open,Damaged Property,9
2023-02-27T17:47:00.000,2023-02-27T18:56:14.000,Closed,Parking Enforcement,9
2023-02-27T17:47:00.000,nan,Open,Street and Sidewalk Cleaning,9
2023-02-27T17:47:00.000,nan,Open,Street and Sidewalk Cleaning,9
2023-02-27T17:46:50.000,nan,Open,Damaged Property,8
2023-02-27T17:46:00.000,2023-02-27T19:58:45.000,Closed,Parking Enforcement,6
2023-02-27T17:46:00.000,nan,Open,Street and Sidewalk Cleaning,5
2023-02-27T17:45:53.000,nan,Open,Street Defects,9
2023-02-27T17:45:30.000,nan,Open,Encampments,2
2023-02-27T17:45:26.000,nan,Open,Abandoned Vehicle,10
2023-02-27T17:45:00.000,nan,Open,Encampments,2
2023-02-27T17:45:00.000,nan,Open,Street and Sidewalk Cleaning,3
2023-02-27T17:45:00.000,2023-02-27T22:16:51.000,Closed,Street and Sidewalk Cleaning,5
2023-02-27T17:45:00.000,nan,Open,Tree Maintenance,4
2023-02-27T17:45:00.000,2023-02-27T20:04:00.000,Closed,Street and Sidewalk Cleaning,2
2023-02-27T17:45:00.000,2023-02-27T18:00:37.000,Closed,Parking Enforcement,8
2023-02-27T17:44:59.000,nan,Open,Encampments,9
2023-02-27T17:44:54.000,nan,Open,Sign Repair,7
2023-02-27T17:44:50.000,nan,Open,Street and Sidewalk Cleaning,5
2023-02-27T17:44:43.000,nan,Open,Streetlights,1
2023-02-27T17:44:40.000,nan,Open,Encampments,5
2023-02-27T17:44:00.000,nan,Open,Street and Sidewalk Cleaning,3
2023-02-27T17:44:00.000,2023-02-27T22:16:45.000,Closed,Street and Sidewalk Cleaning,3
2023-02-27T17:44:00.000,nan,Open,Street Defects,10
2023-02-27T17:44:00.000,nan,Open,Street and Sidewalk Cleaning,8
2023-02-27T17:44:00.000,2023-02-27T22:16:48.000,Closed,Graffiti,5
2023-02-27T17:44:00.000,nan,Open,Graffiti,9
2023-02-27T17:44:00.000,nan,Open,Encampments,6
2023-02-27T17:44:00.000,nan,Open,Street and Sidewalk Cleaning,3
2023-02-27T17:44:00.000,nan,Open,Street and Sidewalk Cleaning,9
2023-02-27T17:44:00.000,2023-02-27T17:54:14.000,Closed,Parking Enforcement,1
2023-02-27T17:44:00.000,nan,Open,Encampments,6
2023-02-27T17:43:02.000,nan,Open,Damaged Property,8
2023-02-27T17:43:00.000,nan,Open,Street and Sidewalk Cleaning,9
2023-02-27T17:43:00.000,nan,Open,Graffiti,5
2023-02-27T17:43:00.000,nan,Open,Encampments,6
2023-02-27T17:43:00.000,nan,Open,Graffiti,6
2023-02-27T17:43:00.000,nan,Open,Street and Sidewalk Cleaning,3
2023-02-27T17:43:00.000,nan,Open,Encampments,9
2023-02-27T17:43:00.000,2023-02-27T18:02:33.000,Closed,Parking Enforcement,1
2023-02-27T17:43:00.000,nan,Open,Street and Sidewalk Cleaning,3
2023-02-27T17:43:00.000,nan,Open,Rec and Park Requests,1
2023-02-27T17:43:00.000,nan,Open,Litter Receptacles,3
2023-02-27T17:42:58.000,nan,Open,Sign Repair,10
2023-02-27T17:42:00.000,nan,Open,Street and Sidewalk Cleaning,5
2023-02-27T17:42:00.000,nan,Open,Street and Sidewalk Cleaning,3
2023-02-27T17:42:00.000,nan,Open,Graffiti,5
2023-02-27T17:23:36.000,nan,Open,Sign Repair,7
2023-02-27T17:23:08.000,nan,Open,Street and Sidewalk Cleaning,9
2023-02-27T17:23:00.000,nan,Open,Graffiti,6
2023-02-27T17:22:03.000,nan,Open,Street and Sidewalk Cleaning,3
2023-02-27T17:22:00.000,nan,Open,Street and Sidewalk Cleaning,4
2023-02-27T17:22:00.000,2023-02-27T22:16:42.000,Closed,Street Defects,10
2023-02-27T17:22:00.000,nan,Open,Street and Sidewalk Cleaning,2
2023-02-27T17:20:00.000,nan,Open,Tree Maintenance,10
2023-02-27T17:20:00.000,nan,Open,Street and Sidewalk Cleaning,3
2023-02-27T17:19:00.000,2023-02-27T17:58:53.000,Closed,Parking Enforcement,7
2023-02-27T17:19:00.000,nan,Open,General Request - MTA,1
2023-02-27T17:19:00.000,nan,Open,General Request - PUBLIC WORKS,5
2023-02-27T17:18:00.000,2023-02-27T17:46:08.000,Closed,Parking Enforcement,2
2023-02-27T17:17:40.000,2023-02-27T17:18:40.000,Closed,Parking Enforcement,4
2023-02-27T17:16:51.000,nan,Open,Tree Maintenance,6
2023-02-27T17:16:00.000,nan,Open,Street and Sidewalk Cleaning,4
2023-02-27T17:15:00.000,nan,Open,Street and Sidewalk Cleaning,11
2023-02-27T17:15:00.000,nan,Open,Street and Sidewalk Cleaning,8
2023-02-27T17:15:00.000,nan,Open,Street Defects,4
2023-02-27T17:14:12.000,nan,Open,Abandoned Vehicle,7
2023-02-27T17:14:00.000,nan,Open,Street and Sidewalk Cleaning,4
2023-02-27T17:14:00.000,2023-02-27T17:50:00.000,Closed,Sewer Issues,10
2023-02-27T17:13:42.000,nan,Open,Street and Sidewalk Cleaning,2
2023-02-27T17:13:00.000,nan,Open,Graffiti,1
2023-02-27T17:13:00.000,nan,Open,Street and Sidewalk Cleaning,4
2023-02-27T17:12:18.000,nan,Open,Street and Sidewalk Cleaning,3
2023-02-27T17:12:00.000,nan,Open,Street and Sidewalk Cleaning,9
2023-02-27T17:12:00.000,nan,Open,Street and Sidewalk Cleaning,9
2023-02-27T17:12:00.000,2023-02-27T19:45:32.000,Closed,Street and Sidewalk Cleaning,5
2023-02-27T17:11:00.000,nan,Open,Graffiti,5
2023-02-27T17:11:00.000,2023-02-27T18:14:24.000,Closed,Street and Sidewalk Cleaning,3
2023-02-27T17:10:54.000,nan,Open,Street and Sidewalk Cleaning,3
2023-02-27T17:10:46.000,nan,Open,Graffiti,7
2023-02-27T17:10:00.000,nan,Open,Graffiti,5
2023-02-27T17:09:00.000,2023-02-27T17:50:37.000,Closed,Parking Enforcement,8
2023-02-27T17:08:48.000,nan,Open,Sign Repair,5
2023-02-27T17:08:00.000,nan,Open,Muni Service Feedback,3
2023-02-27T17:08:00.000,nan,Open,Street and Sidewalk Cleaning,3
2023-02-27T17:07:00.000,nan,Open,Street and Sidewalk Cleaning,9
2023-02-27T17:07:00.000,2023-02-27T22:16:48.000,Closed,Graffiti,5
2023-02-27T17:07:00.000,nan,Open,Street and Sidewalk Cleaning,3
2023-02-27T17:06:00.000,nan,Open,Encampments,6
2023-02-27T17:06:00.000,nan,Open,Street and Sidewalk Cleaning,2
2023-02-27T17:06:00.000,nan,Open,Graffiti,5
2023-02-27T17:06:00.000,nan,Open,Graffiti,6
2023-02-27T17:06:00.000,nan,Open,Street and Sidewalk Cleaning,3
2023-02-27T17:05:00.000,nan,Open,Graffiti,1
2023-02-27T17:05:00.000,nan,Open,Street and Sidewalk Cleaning,3
2023-02-27T17:04:00.000,nan,Open,Streetlights,11
2023-02-27T17:04:00.000,nan,Open,Street and Sidewalk Cleaning,3
2023-02-27T17:03:00.000,2023-02-27T17:42:33.000,Closed,General Request - PUBLIC WORKS,5
2023-02-27T17:03:00.000,2023-02-27T18:14:28.000,Closed,Street and Sidewalk Cleaning,3
2023-02-27T17:02:00.000,nan,Open,Street and Sidewalk Cleaning,3
2023-02-27T17:02:00.000,nan,Open,Street and Sidewalk Cleaning,3
2023-02-27T17:02:00.000,nan,Open,Encampments,3
2023-02-27T17:02:00.000,nan,Open,Street and Sidewalk Cleaning,3
2023-02-27T17:01:00.000,2023-02-27T17:26:31.000,Closed,Encampments,5
2023-02-27T17:01:00.000,nan,Open,Street and Sidewalk Cleaning,9
2023-02-27T17:00:36.000,nan,Open,Street and Sidewalk Cleaning,6
2023-02-27T17:00:00.000,2023-02-27T19:20:17.000,Closed,Graffiti,5
2023-02-27T17:00:00.000,nan,Open,Sign Repair,8
2023-02-27T17:00:00.000,nan,Open,Street and Sidewalk Cleaning,10
2023-02-27T17:00:00.000,nan,Open,Street and Sidewalk Cleaning,1
2023-02-27T16:59:20.000,nan,Open,Street and Sidewalk Cleaning,2
2023-02-27T16:59:00.000,nan,Open,Street Defects,10
2023-02-27T16:59:00.000,nan,Open,Encampments,5
2023-02-27T16:58:00.000,2023-02-27T18:48:08.000,Closed,Sewer Issues,11
2023-02-27T16:58:00.000,2023-02-27T22:16:46.000,Closed,Graffiti,5
2023-02-27T16:58:00.000,2023-02-27T22:16:40.000,Closed,Graffiti,5
2023-02-27T16:58:00.000,2023-02-27T22:16:44.000,Closed,Street and Sidewalk Cleaning,5
2023-02-27T16:57:22.000,nan,Open,Street and Sidewalk Cleaning,3
2023-02-27T16:57:00.000,2023-02-27T22:16:41.000,Closed,General Request - PUBLIC WORKS,6
2023-02-27T16:56:18.000,nan,Open,Street and Sidewalk Cleaning,6
2023-02-27T16:56:00.000,nan,Open,Encampments,1
2023-02-27T16:55:00.000,nan,Open,Street and Sidewalk Cleaning,5
2023-02-27T16:55:00.000,nan,Open,Street and Sidewalk Cleaning,9
2023-02-27T16:55:00.000,nan,Open,Street and Sidewalk Cleaning,4
2023-02-27T16:54:22.000,nan,Open,Encampments,2
2023-02-27T16:54:17.000,nan,Open,Street and Sidewalk Cleaning,11
2023-02-27T16:54:00.000,nan,Open,General Request - MTA,8
2023-02-27T16:54:00.000,nan,Open,Street and Sidewalk Cleaning,5
2023-02-27T16:53:00.000,nan,Open,Street and Sidewalk Cleaning,6
2023-02-27T16:53:00.000,2023-02-27T19:14:00.000,Closed,Street and Sidewalk Cleaning,10
2023-02-27T16:53:00.000,nan,Open,Street and Sidewalk Cleaning,3
2023-02-27T16:52:00.000,2023-02-27T22:16:38.000,Closed,Graffiti,10
2023-02-27T16:51:31.000,nan,Open,Abandoned Vehicle,5
2023-02-27T16:51:00.000,nan,Open,Parking Enforcement,8
2023-02-27T16:50:00.000,nan,Open,Encampments,5
2023-02-27T16:50:00.000,2023-02-27T19:19:20.000,Closed,Street and Sidewalk Cleaning,1
2023-02-27T16:50:00.000,2023-02-27T18:54:00.000,Closed,Litter Receptacles,6
2023-02-27T16:49:44.000,nan,Open,Sidewalk or Curb,8
2023-02-27T16:49:00.000,nan,Open,Street and Sidewalk Cleaning,5
2023-02-27T16:48:00.000,nan,Open,Street and Sidewalk Cleaning,8
2023-02-27T16:48:00.000,2023-02-27T19:08:12.000,Closed,Street and Sidewalk Cleaning,1
2023-02-27T16:47:00.000,2023-02-27T19:10:38.000,Closed,Parking Enforcement,11
2023-02-27T16:46:25.000,nan,Open,Encampments,6
2023-02-27T16:46:15.000,nan,Open,Graffiti,8
2023-02-27T16:46:00.000,2023-02-27T22:16:36.000,Closed,Graffiti,8
2023-02-27T16:46:00.000,2023-02-27T16:56:19.000,Closed,Parking Enforcement,9
2023-02-27T16:46:00.000,2023-02-27T19:03:26.000,Closed,Street and Sidewalk Cleaning,1
2023-02-27T16:45:28.000,nan,Open,Street and Sidewalk Cleaning,7
2023-02-27T16:45:00.000,nan,Open,Encampments,6
2023-02-27T16:45:00.000,2023-02-27T16:56:51.000,Closed,Parking Enforcement,9
2023-02-27T16:44:09.000,2023-02-27T22:16:33.000,Closed,Illegal Postings,3
2023-02-27T16:44:07.000,nan,Open,General Request - PUBLIC WORKS,11
2023-02-27T16:44:00.000,2023-02-27T19:10:29.000,Closed,Parking Enforcement,11
2023-02-27T16:44:00.000,2023-02-27T17:23:31.000,Closed,Street and Sidewalk Cleaning,5
2023-02-27T16:44:00.000,2023-02-27T17:52:16.000,Closed,Parking Enforcement,11
2023-02-27T16:43:00.000,2023-02-27T19:50:32.000,Closed,Sewer Issues,7
2023-02-27T16:43:00.000,2023-02-27T16:53:59.000,Closed,Parking Enforcement,11
2023-02-27T16:42:20.000,2023-02-27T22:16:31.000,Closed,Illegal Postings,3
2023-02-27T16:42:00.000,nan,Open,Street Defects,6
2023-02-27T16:42:00.000,nan,Open,Graffiti,8
2023-02-27T16:42:00.000,2023-02-27T22:16:37.000,Closed,Graffiti,5
2023-02-27T16:41:00.000,2023-02-27T22:16:35.000,Closed,Graffiti,8
2023-02-27T16:41:00.000,2023-02-27T19:10:14.000,Closed,Parking Enforcement,11
2023-02-27T16:41:00.000,nan,Open,Street and Sidewalk Cleaning,11
2023-02-27T16:40:28.000,nan,Open,Street and Sidewalk Cleaning,1
2023-02-27T16:40:03.000,nan,Open,Damaged Property,1
2023-02-27T16:40:00.000,2023-02-27T16:55:31.000,Closed,Parking Enforcement,5
2023-02-27T16:40:00.000,2023-02-27T16:45:42.000,Closed,Parking Enforcement,11
2023-02-27T16:40:00.000,2023-02-27T22:16:32.000,Closed,Graffiti,3
2023-02-27T16:40:00.000,2023-02-27T22:16:30.000,Closed,Street and Sidewalk Cleaning,9
2023-02-27T16:40:00.000,nan,Open,Street and Sidewalk Cleaning,7
2023-02-27T16:39:00.000,nan,Open,Street and Sidewalk Cleaning,9
2023-02-27T16:39:00.000,2023-02-27T22:16:28.000,Closed,Graffiti,2
2023-02-27T16:39:00.000,nan,Open,Street and Sidewalk Cleaning,2
2023-02-27T16:38:26.000,nan,Open,Sign Repair,6
2023-02-27T16:38:04.000,nan,Open,Street and Sidewalk Cleaning,10
2023-02-27T16:38:00.000,nan,Open,Street and Sidewalk Cleaning,7
2023-02-27T16:38:00.000,2023-02-27T18:12:26.000,Closed,Parking Enforcement,8
2023-02-27T16:38:00.000,2023-02-27T22:16:24.000,Closed,Graffiti,2
2023-02-27T16:37:00.000,2023-02-27T22:16:27.000,Closed,Graffiti,8
2023-02-27T16:36:15.000,nan,Open,Damaged Property,10
2023-02-27T16:36:00.000,nan,Open,Street and Sidewalk Cleaning,7
2023-02-27T16:36:00.000,2023-02-27T22:16:23.000,Closed,Graffiti,2
2023-02-27T16:36:00.000,2023-02-27T22:16:22.000,Closed,Street and Sidewalk Cleaning,9
2023-02-27T16:36:00.000,2023-02-27T18:09:58.000,Closed,Parking Enforcement,9
2023-02-27T16:35:34.000,2023-02-27T22:16:19.000,Closed,Illegal Postings,2
2023-02-27T16:35:00.000,2023-02-27T22:16:21.000,Closed,Graffiti,9
2023-02-27T16:34:00.000,nan,Open,Street and Sidewalk Cleaning,9
2023-02-27T16:33:00.000,nan,Open,Illegal Postings,2
2023-02-27T16:33:00.000,nan,Open,Street and Sidewalk Cleaning,9
2023-02-27T16:32:00.000,nan,Open,Illegal Postings,2
2023-02-27T16:32:00.000,nan,Open,Graffiti,9
2023-02-27T16:32:00.000,nan,Open,Street and Sidewalk Cleaning,8
2023-02-27T16:32:00.000,nan,Open,Street and Sidewalk Cleaning,9
2023-02-27T16:31:44.000,nan,Open,Sidewalk or Curb,3
2023-02-27T16:31:00.000,nan,Open,Street and Sidewalk Cleaning,9
2023-02-27T16:31:00.000,2023-02-27T22:16:19.000,Closed,Street Defects,7
2023-02-27T16:31:00.000,2023-02-27T16:43:12.000,Closed,General Request - MTA,10
2023-02-27T16:31:00.000,2023-02-27T22:16:17.000,Closed,Illegal Postings,2
2023-02-27T16:30:00.000,nan,Open,Street and Sidewalk Cleaning,9
2023-02-27T16:29:00.000,nan,Open,Illegal Postings,2
2023-02-27T16:29:00.000,nan,Open,Illegal Postings,2
2023-02-27T16:29:00.000,2023-02-27T18:47:09.000,Closed,Parking Enforcement,11
2023-02-27T16:28:00.000,nan,Open,Parking Enforcement,8
2023-02-27T16:28:00.000,nan,Open,Street and Sidewalk Cleaning,5
2023-02-27T16:28:00.000,nan,Open,Encampments,5
2023-02-27T16:28:00.000,nan,Open,Street and Sidewalk Cleaning,9
2023-02-27T16:28:00.000,nan,Open,Street and Sidewalk Cleaning,2
2023-02-27T16:27:00.000,nan,Open,Graffiti,9
2023-02-27T16:26:00.000,2023-02-27T22:16:16.000,Closed,Street and Sidewalk Cleaning,3
2023-02-27T16:25:00.000,nan,Open,Illegal Postings,2
2023-02-27T16:24:29.000,2023-02-27T17:01:00.000,Closed,Encampments,6
2023-02-27T16:24:00.000,nan,Open,Tree Maintenance,10
2023-02-27T16:24:00.000,nan,Open,Illegal Postings,2
2023-02-27T16:24:00.000,nan,Open,Graffiti,1
2023-02-27T16:23:00.000,2023-02-27T16:58:29.000,Closed,Parking Enforcement,1
2023-02-27T16:23:00.000,nan,Open,Street and Sidewalk Cleaning,3
2023-02-27T16:23:00.000,nan,Open,Street and Sidewalk Cleaning,4
2023-02-27T16:23:00.000,nan,Open,Graffiti,2
2023-02-27T16:22:08.000,nan,Open,Abandoned Vehicle,2
2023-02-27T16:22:00.000,nan,Open,Street and Sidewalk Cleaning,2
2023-02-27T16:20:00.000,nan,Open,Graffiti,2
2023-02-27T16:20:00.000,nan,Open,Street and Sidewalk Cleaning,5
2023-02-27T16:19:00.000,nan,Open,Street and Sidewalk Cleaning,9
2023-02-27T16:19:00.000,nan,Open,Illegal Postings,2
2023-02-27T16:19:00.000,nan,Open,Graffiti,7
2023-02-27T16:18:33.000,2023-02-27T19:45:38.000,Closed,Street and Sidewalk Cleaning,1
2023-02-27T16:18:00.000,nan,Open,Illegal Postings,2
2023-02-27T16:17:42.000,2023-02-27T19:45:38.000,Closed,Street and Sidewalk Cleaning,9
2023-02-27T16:17:00.000,nan,Open,Illegal Postings,2
2023-02-27T16:17:00.000,nan,Open,Graffiti,9
2023-02-27T16:16:13.000,nan,Open,Abandoned Vehicle,3
2023-02-27T16:16:00.000,nan,Open,Encampments,5
2023-02-27T16:16:00.000,nan,Open,Street and Sidewalk Cleaning,4
2023-02-27T16:16:00.000,nan,Open,Street and Sidewalk Cleaning,9
2023-02-27T16:16:00.000,nan,Open,Graffiti,9
2023-02-27T16:16:00.000,nan,Open,Encampments,2
2023-02-27T16:16:00.000,nan,Open,Illegal Postings,2
2023-02-27T16:15:00.000,nan,Open,Graffiti,7
2023-02-27T16:15:00.000,2023-02-27T19:22:15.000,Closed,Parking Enforcement,6
2023-02-27T16:15:00.000,nan,Open,Street and Sidewalk Cleaning,5
2023-02-27T16:15:00.000,nan,Open,Graffiti,7
2023-02-27T16:15:00.000,2023-02-27T16:27:38.000,Closed,Parking Enforcement,4
2023-02-27T16:14:57.000,nan,Open,Graffiti,2
2023-02-27T16:14:00.000,2023-02-27T19:21:32.000,Closed,Parking Enforcement,6
2023-02-27T16:14:00.000,nan,Open,Street and Sidewalk Cleaning,9
2023-02-27T16:14:00.000,nan,Open,Street and Sidewalk Cleaning,9
2023-02-27T16:13:00.000,2023-02-27T19:22:02.000,Closed,Parking Enforcement,6
2023-02-27T16:13:00.000,nan,Open,Illegal Postings,2
2023-02-27T16:12:32.000,nan,Open,Illegal Postings,2
2023-02-27T16:12:00.000,nan,Open,Parking Enforcement,6
2023-02-27T16:12:00.000,nan,Open,Street and Sidewalk Cleaning,9
2023-02-27T16:11:00.000,nan,Open,General Request - RENT BOARD,3
2023-02-27T16:11:00.000,nan,Open,Street and Sidewalk Cleaning,9
2023-02-27T16:11:00.000,nan,Open,Street and Sidewalk Cleaning,9
2023-02-27T16:11:00.000,nan,Open,Graffiti,7
2023-02-27T16:11:00.000,nan,Open,Illegal Postings,2
2023-02-27T16:11:00.000,2023-02-27T16:17:59.000,Closed,Parking Enforcement,9
2023-02-27T16:10:56.000,nan,Open,Graffiti,9
2023-02-27T16:10:45.000,2023-02-28T00:30:16.000,Closed,Noise Report,11
2023-02-27T16:10:00.000,nan,Open,General Request - RENT BOARD,3
2023-02-27T16:10:00.000,nan,Open,Street and Sidewalk Cleaning,2
2023-02-27T16:10:00.000,nan,Open,Street and Sidewalk Cleaning,9
2023-02-27T16:09:30.000,nan,Open,Graffiti,2
2023-02-27T16:09:00.000,nan,Open,Graffiti,7
2023-02-27T16:09:00.000,nan,Open,Abandoned Vehicle,3
2023-02-27T16:09:00.000,nan,Open,Street and Sidewalk Cleaning,6
2023-02-27T16:09:00.000,nan,Open,Residential Building Request,5
2023-02-27T16:08:21.000,nan,Open,Sign Repair,2
2023-02-27T16:07:00.000,nan,Open,Graffiti,5
2023-02-27T16:07:00.000,nan,Open,Street and Sidewalk Cleaning,3
2023-02-27T16:06:00.000,nan,Open,Street and Sidewalk Cleaning,2
2023-02-27T16:06:00.000,nan,Open,Illegal Postings,5
2023-02-27T16:05:00.000,nan,Open,Illegal Postings,5
2023-02-27T16:05:00.000,nan,Open,Encampments,2
2023-02-27T16:05:00.000,nan,Open,Street and Sidewalk Cleaning,6
2023-02-27T16:05:00.000,nan,Open,Tree Maintenance,10
2023-02-27T16:05:00.000,nan,Open,Encampments,5
2023-02-27T16:04:07.000,nan,Open,Illegal Postings,5
2023-02-27T16:04:03.000,2023-02-27T19:45:39.000,Closed,Street and Sidewalk Cleaning,2
2023-02-27T16:04:00.000,nan,Open,Encampments,5
2023-02-27T16:02:49.000,nan,Open,Illegal Postings,5
2023-02-27T16:02:44.000,nan,Open,Graffiti,1
2023-02-27T16:02:40.000,nan,Open,Graffiti,1
2023-02-27T16:02:37.000,nan,Open,Graffiti,1
2023-02-27T16:02:00.000,2023-02-27T16:44:25.000,Closed,Parking Enforcement,1
2023-02-27T16:02:00.000,nan,Open,Graffiti,9
2023-02-27T16:02:00.000,nan,Open,Graffiti,7
2023-02-27T16:01:16.000,nan,Open,Abandoned Vehicle,9
2023-02-27T16:01:00.000,nan,Open,Street and Sidewalk Cleaning,7
2023-02-27T16:01:00.000,nan,Open,Abandoned Vehicle,4
2023-02-27T16:01:00.000,nan,Open,Illegal Postings,5
2023-02-27T16:00:29.000,nan,Open,Illegal Postings,5
2023-02-27T15:59:00.000,nan,Open,Street and Sidewalk Cleaning,9
2023-02-27T15:59:00.000,nan,Open,Graffiti,5
2023-02-27T15:59:00.000,nan,Open,Damaged Property,11
2023-02-27T15:58:35.000,nan,Open,Sign Repair,7
2023-02-27T15:58:00.000,nan,Open,Illegal Postings,5
2023-02-27T15:58:00.000,nan,Open,General Request - PUBLIC WORKS,9
2023-02-27T15:57:00.000,nan,Open,Graffiti,9
2023-02-27T15:56:00.000,nan,Open,General Request - DPH,3
2023-02-27T15:56:00.000,nan,Open,Street and Sidewalk Cleaning,4
2023-02-27T15:56:00.000,2023-02-27T22:16:13.000,Closed,Graffiti,8
2023-02-27T15:55:00.000,nan,Open,Street and Sidewalk Cleaning,6
2023-02-27T15:55:00.000,2023-02-27T22:16:11.000,Closed,Graffiti,5
2023-02-27T15:54:16.000,nan,Open,Street and Sidewalk Cleaning,3
2023-02-27T15:54:00.000,nan,Open,Street and Sidewalk Cleaning,5
2023-02-27T15:53:00.000,nan,Open,Abandoned Vehicle,7
2023-02-27T15:53:00.000,2023-02-27T17:19:36.000,Closed,Sewer Issues,1
2023-02-27T15:53:00.000,nan,Open,Tree Maintenance,4
2023-02-27T15:52:54.000,nan,Open,Street and Sidewalk Cleaning,3
2023-02-27T15:52:00.000,nan,Open,Encampments,9
2023-02-27T15:52:00.000,2023-02-27T22:16:08.000,Closed,Graffiti,9
2023-02-27T15:52:00.000,nan,Open,Damaged Property,3
2023-02-27T15:51:00.000,2023-02-27T22:16:14.000,Closed,Graffiti,9
2023-02-27T15:51:00.000,nan,Open,Tree Maintenance,6
2023-02-27T15:50:00.000,nan,Open,Graffiti,2
2023-02-27T15:49:03.000,nan,Open,Catch Basin Maintenance,2
2023-02-27T15:49:00.000,nan,Open,Graffiti,9
2023-02-27T15:48:00.000,nan,Open,Street and Sidewalk Cleaning,1
2023-02-27T15:48:00.000,nan,Open,Street and Sidewalk Cleaning,9
2023-02-27T15:47:00.000,nan,Open,Street and Sidewalk Cleaning,6
2023-02-27T15:47:00.000,nan,Open,Street and Sidewalk Cleaning,6
2023-02-27T15:46:52.000,nan,Open,Tree Maintenance,2
2023-02-27T15:46:00.000,nan,Open,Street and Sidewalk Cleaning,2
2023-02-27T15:45:00.000,2023-02-27T19:34:27.000,Closed,Street and Sidewalk Cleaning,5
2023-02-27T15:45:00.000,nan,Open,General Request - PUBLIC WORKS,6
2023-02-27T15:45:00.000,2023-02-27T17:40:40.000,Closed,Sewer Issues,1
2023-02-27T15:44:09.000,nan,Open,Graffiti,5
2023-02-27T15:44:00.000,nan,Open,Street and Sidewalk Cleaning,8
2023-02-27T15:44:00.000,2023-02-27T16:10:46.000,Closed,General Request - PUBLIC WORKS,10
2023-02-27T15:43:00.000,nan,Open,Graffiti,5
2023-02-27T15:43:00.000,2023-02-27T16:50:53.000,Closed,Street and Sidewalk Cleaning,4
2023-02-27T15:43:00.000,nan,Open,Street and Sidewalk Cleaning,5
2023-02-27T15:43:00.000,nan,Open,Graffiti,5
2023-02-27T15:42:00.000,2023-02-27T19:34:29.000,Closed,Street and Sidewalk Cleaning,5
2023-02-27T15:42:00.000,2023-02-27T16:16:03.000,Closed,Street and Sidewalk Cleaning,5
2023-02-27T15:42:00.000,2023-02-27T17:56:00.000,Closed,Street and Sidewalk Cleaning,10
2023-02-27T15:41:00.000,nan,Open,General Request - RENT BOARD,5
2023-02-27T15:41:00.000,nan,Open,Street and Sidewalk Cleaning,10
2023-02-27T15:41:00.000,nan,Open,Graffiti,5
2023-02-27T15:40:49.000,nan,Open,Encampments,9
2023-02-27T15:40:00.000,nan,Open,Street and Sidewalk Cleaning,10
2023-02-27T15:39:51.000,nan,Open,Street and Sidewalk Cleaning,2
2023-02-27T15:38:04.000,nan,Open,Street and Sidewalk Cleaning,5
2023-02-27T15:38:00.000,nan,Open,Encampments,5
2023-02-27T15:38:00.000,2023-02-27T16:50:34.000,Closed,Street and Sidewalk Cleaning,4
2023-02-27T15:38:00.000,2023-02-27T18:18:52.000,Closed,Street and Sidewalk Cleaning,1
2023-02-27T15:38:00.000,nan,Open,Graffiti,5
2023-02-27T15:37:00.000,nan,Open,Street and Sidewalk Cleaning,5
2023-02-27T15:37:00.000,nan,Open,General Request - RENT BOARD,3
2023-02-27T15:36:33.000,nan,Open,Litter Receptacles,6
2023-02-27T15:36:00.000,2023-02-27T18:13:16.000,Closed,Street and Sidewalk Cleaning,1
2023-02-27T15:36:00.000,2023-02-27T22:16:12.000,Closed,Graffiti,4
2023-02-27T15:36:00.000,2023-02-27T18:32:26.000,Closed,Parking Enforcement,9
2023-02-27T15:36:00.000,nan,Open,Street and Sidewalk Cleaning,2
2023-02-27T15:35:35.000,nan,Open,Abandoned Vehicle,7
2023-02-27T15:35:00.000,2023-02-27T19:34:34.000,Closed,Street and Sidewalk Cleaning,5
2023-02-27T15:35:00.000,nan,Open,Graffiti,5
2023-02-27T15:35:00.000,nan,Open,Street and Sidewalk Cleaning,5
2023-02-27T15:35:00.000,nan,Open,General Request - MTA,4
2023-02-27T15:34:00.000,nan,Open,Graffiti,3
2023-02-27T15:33:00.000,nan,Open,Street and Sidewalk Cleaning,1
2023-02-27T15:33:00.000,2023-02-27T18:35:52.000,Closed,Street and Sidewalk Cleaning,2
2023-02-27T15:32:54.000,nan,Open,Sidewalk or Curb,5
2023-02-27T15:32:00.000,nan,Open,Graffiti,2
2023-02-27T15:32:00.000,nan,Open,Tree Maintenance,9
2023-02-27T15:31:00.000,nan,Open,Parking Enforcement,8
2023-02-27T15:31:00.000,2023-02-27T16:29:28.000,Closed,Parking Enforcement,3
2023-02-27T15:31:00.000,2023-02-27T17:46:00.000,Closed,Street and Sidewalk Cleaning,10
2023-02-27T15:31:00.000,nan,Open,Graffiti,2
2023-02-27T15:31:00.000,nan,Open,Damaged Property,3
2023-02-27T15:30:00.000,nan,Open,Tree Maintenance,5
2023-02-27T15:30:00.000,2023-02-27T15:36:59.000,Closed,Parking Enforcement,4
2023-02-27T15:29:08.000,nan,Open,Street and Sidewalk Cleaning,3
2023-02-27T15:29:00.000,2023-02-27T18:57:00.000,Closed,Street and Sidewalk Cleaning,6
2023-02-27T15:29:00.000,nan,Open,Street and Sidewalk Cleaning,5
2023-02-27T15:29:00.000,nan,Open,Tree Maintenance,3
2023-02-27T15:29:00.000,2023-02-27T16:54:35.000,Closed,Street and Sidewalk Cleaning,5
2023-02-27T15:28:00.000,nan,Open,Graffiti,2
2023-02-27T15:28:00.000,nan,Open,General Request - PUBLIC WORKS,11
2023-02-27T15:27:00.000,2023-02-27T22:16:09.000,Closed,Graffiti,2
2023-02-27T15:26:51.000,nan,Open,Abandoned Vehicle,10
2023-02-27T15:26:41.000,nan,Open,Sign Repair,7
2023-02-27T15:26:00.000,nan,Open,Street and Sidewalk Cleaning,10
2023-02-27T15:26:00.000,nan,Open,General Request - DPH,2
2023-02-27T15:26:00.000,2023-02-27T22:21:50.000,Closed,Street and Sidewalk Cleaning,9
2023-02-27T15:25:00.000,2023-02-27T22:22:36.000,Closed,Graffiti,9
2023-02-27T15:25:00.000,nan,Open,Street and Sidewalk Cleaning,6
2023-02-27T15:24:00.000,2023-02-27T15:53:04.000,Closed,Parking Enforcement,11
2023-02-27T15:24:00.000,nan,Open,Street and Sidewalk Cleaning,6
2023-02-27T15:22:55.000,nan,Open,Street and Sidewalk Cleaning,6
2023-02-27T15:22:00.000,2023-02-27T15:57:22.000,Closed,Street and Sidewalk Cleaning,5
2023-02-27T15:22:00.000,nan,Open,Street and Sidewalk Cleaning,5
2023-02-27T15:22:00.000,nan,Open,Street and Sidewalk Cleaning,9
2023-02-27T15:22:00.000,2023-02-27T22:22:33.000,Closed,Street and Sidewalk Cleaning,10
2023-02-27T15:21:59.000,2023-02-27T15:22:40.000,Closed,Parking Enforcement,8
2023-02-27T15:21:00.000,nan,Open,Street and Sidewalk Cleaning,5
2023-02-27T15:20:00.000,nan,Open,Street and Sidewalk Cleaning,5
2023-02-27T15:20:00.000,2023-02-27T16:38:05.000,Closed,Parking Enforcement,8
2023-02-27T15:20:00.000,nan,Open,Street and Sidewalk Cleaning,5
2023-02-27T15:20:00.000,nan,Open,Graffiti,5
2023-02-27T15:20:00.000,nan,Open,Litter Receptacles,6
2023-02-27T15:19:22.000,nan,Open,Abandoned Vehicle,7
2023-02-27T15:19:00.000,nan,Open,Graffiti,5
2023-02-27T15:19:00.000,nan,Open,Street and Sidewalk Cleaning,3
2023-02-27T15:19:00.000,nan,Open,Street and Sidewalk Cleaning,6
2023-02-27T15:19:00.000,2023-02-27T15:22:38.000,Closed,Parking Enforcement,6
2023-02-27T15:18:00.000,nan,Open,Street and Sidewalk Cleaning,11
2023-02-27T15:18:00.000,2023-02-27T15:39:42.000,Closed,Graffiti,5
2023-02-27T15:17:00.000,nan,Open,Damaged Property,11
2023-02-27T15:17:00.000,nan,Open,Street and Sidewalk Cleaning,11
2023-02-27T15:17:00.000,nan,Open,Street and Sidewalk Cleaning,5
2023-02-27T15:16:00.000,2023-02-27T22:22:31.000,Closed,Street and Sidewalk Cleaning,5
2023-02-27T15:15:48.000,nan,Open,Sign Repair,5
2023-02-27T15:15:00.000,2023-02-27T16:33:29.000,Closed,Encampments,6
2023-02-27T15:15:00.000,2023-02-27T15:50:51.000,Closed,Street and Sidewalk Cleaning,3
2023-02-27T15:14:46.000,nan,Open,Graffiti,5
2023-02-27T15:14:00.000,nan,Open,Graffiti,3
2023-02-27T15:14:00.000,2023-02-27T22:21:48.000,Closed,Graffiti,2
2023-02-27T15:14:00.000,nan,Open,Street and Sidewalk Cleaning,3
2023-02-27T15:13:00.000,nan,Open,Graffiti,5
2023-02-27T15:12:41.000,nan,Open,Graffiti,5
2023-02-27T15:12:25.000,nan,Open,Sidewalk or Curb,11
2023-02-27T15:12:00.000,2023-02-27T15:21:04.000,Closed,Parking Enforcement,6
2023-02-27T15:12:00.000,nan,Open,Litter Receptacles,7
2023-02-27T15:12:00.000,2023-02-27T15:52:35.000,Closed,Parking Enforcement,2
2023-02-27T15:12:00.000,nan,Open,Graffiti,5
2023-02-27T15:11:00.000,2023-02-27T22:22:28.000,Closed,Street and Sidewalk Cleaning,9
2023-02-27T15:11:00.000,2023-02-27T15:25:25.000,Closed,Parking Enforcement,6
2023-02-27T15:10:30.000,nan,Open,Street and Sidewalk Cleaning,2
2023-02-27T15:10:00.000,2023-02-27T15:55:22.000,Closed,Parking Enforcement,2
2023-02-27T15:10:00.000,2023-02-27T15:42:33.000,Closed,Street and Sidewalk Cleaning,3
2023-02-27T15:09:28.000,nan,Open,Sign Repair,2
2023-02-27T15:09:00.000,2023-02-27T18:58:24.000,Closed,Parking Enforcement,11
2023-02-27T15:08:59.000,nan,Open,Graffiti,5
2023-02-27T15:08:29.000,nan,Open,Street and Sidewalk Cleaning,3
2023-02-27T15:08:00.000,nan,Open,Street and Sidewalk Cleaning,10
2023-02-27T15:08:00.000,2023-02-27T22:21:45.000,Closed,Graffiti,5
2023-02-27T15:08:00.000,nan,Open,Street and Sidewalk Cleaning,5
2023-02-27T15:07:40.000,nan,Open,Graffiti,5
2023-02-27T15:07:35.000,nan,Open,Street and Sidewalk Cleaning,3
2023-02-27T15:07:00.000,nan,Open,Graffiti,6
2023-02-27T15:05:00.000,nan,Open,Abandoned Vehicle,7
2023-02-27T15:05:00.000,nan,Open,Parking Enforcement,4
2023-02-27T15:03:53.000,nan,Open,Street and Sidewalk Cleaning,5
2023-02-27T15:02:53.000,nan,Open,Abandoned Vehicle,7
2023-02-27T15:02:00.000,nan,Open,Graffiti,5
2023-02-27T15:02:00.000,nan,Open,Parking Enforcement,4
2023-02-27T15:02:00.000,2023-02-27T17:13:37.000,Closed,Parking Enforcement,11
2023-02-27T15:01:33.000,nan,Open,Sidewalk or Curb,5
2023-02-27T15:01:00.000,2023-02-27T22:22:26.000,Closed,Street and Sidewalk Cleaning,10
2023-02-27T15:01:00.000,nan,Open,Street and Sidewalk Cleaning,8
2023-02-27T15:01:00.000,nan,Open,Street and Sidewalk Cleaning,3
2023-02-27T15:00:00.000,2023-02-27T22:22:23.000,Closed,Street and Sidewalk Cleaning,5
2023-02-27T15:00:00.000,nan,Open,Graffiti,5
2023-02-27T15:00:00.000,nan,Open,Parking Enforcement,4
2023-02-27T14:59:00.000,nan,Open,Street Defects,10
2023-02-27T14:59:00.000,nan,Open,Street and Sidewalk Cleaning,9
2023-02-27T14:58:35.000,nan,Open,Abandoned Vehicle,7
2023-02-27T14:58:00.000,2023-02-27T17:19:49.000,Closed,Street and Sidewalk Cleaning,5
2023-02-27T14:58:00.000,2023-02-27T16:09:37.000,Closed,Street and Sidewalk Cleaning,5
2023-02-27T14:58:00.000,2023-02-27T17:52:00.000,Closed,General Request - PUBLIC WORKS,6
2023-02-27T14:57:00.000,nan,Open,Residential Building Request,6
2023-02-27T14:57:00.000,nan,Open,Parking Enforcement,6
2023-02-27T14:57:00.000,2023-02-27T20:16:15.000,Closed,Sewer Issues,4
2023-02-27T14:56:18.000,nan,Open,Street Defects,9
2023-02-27T14:55:14.000,nan,Open,Graffiti,3
2023-02-27T14:55:00.000,nan,Open,Street and Sidewalk Cleaning,10
2023-02-27T14:55:00.000,nan,Open,General Request - RENT BOARD,3
2023-02-27T14:55:00.000,2023-02-27T16:46:03.000,Closed,Parking Enforcement,11
2023-02-27T14:55:00.000,nan,Open,Tree Maintenance,8
2023-02-27T14:55:00.000,2023-02-27T18:29:41.000,Closed,Parking Enforcement,11
2023-02-27T14:54:00.000,2023-02-27T15:25:44.000,Closed,Parking Enforcement,11
2023-02-27T14:54:00.000,2023-02-27T16:09:38.000,Closed,Street and Sidewalk Cleaning,5
2023-02-27T14:54:00.000,nan,Open,Graffiti,5
2023-02-27T14:54:00.000,2023-02-27T17:57:50.000,Closed,Street and Sidewalk Cleaning,11
2023-02-27T14:53:10.000,2023-02-27T16:59:00.000,Closed,Encampments,2
2023-02-27T14:53:00.000,nan,Open,Street and Sidewalk Cleaning,10
2023-02-27T14:52:33.000,nan,Open,Sidewalk or Curb,3
2023-02-27T14:52:00.000,nan,Open,Street and Sidewalk Cleaning,2
2023-02-27T14:52:00.000,2023-02-27T15:46:58.000,Closed,Parking Enforcement,3
2023-02-27T14:51:00.000,nan,Open,General Request - RENT BOARD,8
2023-02-27T14:51:00.000,nan,Open,General Request - RENT BOARD,2
2023-02-27T14:51:00.000,2023-02-27T18:11:00.000,Closed,Street and Sidewalk Cleaning,10
2023-02-27T14:50:11.000,nan,Open,Sign Repair,5
2023-02-27T14:50:00.000,nan,Open,Encampments,10
2023-02-27T14:49:00.000,nan,Open,Tree Maintenance,7
2023-02-27T14:49:00.000,nan,Open,Graffiti,5
2023-02-27T14:48:52.000,nan,Open,Damaged Property,2
2023-02-27T14:48:24.000,nan,Open,Abandoned Vehicle,10
2023-02-27T14:48:00.000,2023-02-27T15:57:24.000,Closed,Street and Sidewalk Cleaning,4
2023-02-27T14:48:00.000,nan,Open,Graffiti,5
2023-02-27T14:47:04.000,nan,Open,Sidewalk or Curb,11
2023-02-27T14:46:29.000,nan,Open,Sidewalk or Curb,11
2023-02-27T14:46:00.000,2023-02-27T15:52:52.000,Closed,Street and Sidewalk Cleaning,5
2023-02-27T14:46:00.000,nan,Open,Graffiti,5
2023-02-27T14:46:00.000,2023-02-27T16:50:00.000,Closed,Catch Basin Maintenance,6
2023-02-27T14:45:30.000,nan,Open,Sidewalk or Curb,11
2023-02-27T14:45:00.000,nan,Open,Street and Sidewalk Cleaning,10
2023-02-27T14:44:00.000,nan,Open,Graffiti,5
2023-02-27T14:43:07.000,nan,Open,Sign Repair,11
2023-02-27T14:43:00.000,2023-02-27T19:45:39.000,Closed,Street and Sidewalk Cleaning,10
2023-02-27T14:43:00.000,2023-02-27T14:54:02.000,Closed,Parking Enforcement,5
2023-02-27T14:42:00.000,nan,Open,Street and Sidewalk Cleaning,5
2023-02-27T14:42:00.000,2023-02-27T19:45:40.000,Closed,Street and Sidewalk Cleaning,1
2023-02-27T14:41:00.000,2023-02-27T14:54:14.000,Closed,Parking Enforcement,5
2023-02-27T14:40:00.000,nan,Open,Street and Sidewalk Cleaning,11
2023-02-27T14:40:00.000,nan,Open,Tree Maintenance,8
2023-02-27T14:40:00.000,nan,Open,Graffiti,7
2023-02-27T14:39:00.000,nan,Open,Street and Sidewalk Cleaning,6
2023-02-27T14:39:00.000,nan,Open,Street and Sidewalk Cleaning,3
2023-02-27T14:39:00.000,nan,Open,Street and Sidewalk Cleaning,11
2023-02-27T14:39:00.000,nan,Open,Street and Sidewalk Cleaning,3
2023-02-27T14:38:00.000,2023-02-27T17:07:00.000,Closed,Tree Maintenance,10
2023-02-27T14:37:32.000,nan,Open,General Request - MTA,7
2023-02-27T14:37:00.000,nan,Open,Street and Sidewalk Cleaning,3
2023-02-27T14:35:00.000,nan,Open,Street and Sidewalk Cleaning,5
2023-02-27T14:34:00.000,nan,Open,Street and Sidewalk Cleaning,5
2023-02-27T14:34:00.000,nan,Open,Street and Sidewalk Cleaning,5
2023-02-27T14:33:00.000,nan,Open,Street and Sidewalk Cleaning,5
2023-02-27T14:33:00.000,nan,Open,Graffiti,5
2023-02-27T14:32:00.000,nan,Open,Street and Sidewalk Cleaning,5
2023-02-27T14:32:00.000,nan,Open,Street and Sidewalk Cleaning,5
2023-02-27T14:32:00.000,nan,Open,Damaged Property,8
2023-02-27T14:32:00.000,2023-02-27T14:44:32.000,Closed,Parking Enforcement,4
2023-02-27T14:32:00.000,nan,Open,Encampments,2
2023-02-27T14:31:00.000,nan,Open,Sewer Issues,10
2023-02-27T14:31:00.000,nan,Open,Street and Sidewalk Cleaning,10
2023-02-27T14:31:00.000,nan,Open,Street and Sidewalk Cleaning,5
2023-02-27T14:30:00.000,2023-02-27T15:58:09.000,Closed,Parking Enforcement,5
2023-02-27T14:30:00.000,nan,Open,Street and Sidewalk Cleaning,5
2023-02-27T14:30:00.000,nan,Open,Street and Sidewalk Cleaning,5
2023-02-27T14:30:00.000,nan,Open,Street and Sidewalk Cleaning,5
2023-02-27T14:30:00.000,2023-02-27T18:10:11.000,Closed,Parking Enforcement,9
2023-02-27T14:29:00.000,2023-02-27T16:11:17.000,Closed,Parking Enforcement,5
2023-02-27T14:29:00.000,nan,Open,Street and Sidewalk Cleaning,5
2023-02-27T14:29:00.000,nan,Open,Street and Sidewalk Cleaning,5
2023-02-27T14:29:00.000,nan,Open,General Request - RENT BOARD,9
2023-02-27T14:29:00.000,nan,Open,Graffiti,5
2023-02-27T14:29:00.000,2023-02-27T18:08:00.000,Closed,Street and Sidewalk Cleaning,10
2023-02-27T14:28:30.000,nan,Open,Encampments,1
2023-02-27T14:28:00.000,2023-02-27T14:42:04.000,Closed,Parking Enforcement,7
2023-02-27T14:27:23.000,2023-02-27T19:45:40.000,Closed,Street and Sidewalk Cleaning,10
2023-02-27T14:27:09.000,nan,Open,Graffiti,9
2023-02-27T14:27:00.000,2023-02-27T18:30:33.000,Closed,Parking Enforcement,10
2023-02-27T14:26:24.000,nan,Open,Abandoned Vehicle,8
2023-02-27T14:26:00.000,nan,Open,Graffiti,5
2023-02-27T14:26:00.000,nan,Open,General Request - RENT BOARD,8
2023-02-27T14:26:00.000,2023-02-27T22:22:21.000,Closed,Street and Sidewalk Cleaning,9
2023-02-27T14:26:00.000,2023-02-27T22:21:43.000,Closed,Street and Sidewalk Cleaning,9
2023-02-27T14:25:00.000,nan,Open,Street and Sidewalk Cleaning,9
2023-02-27T14:23:00.000,nan,Open,Street and Sidewalk Cleaning,10
2023-02-27T14:23:00.000,nan,Open,Street and Sidewalk Cleaning,6
2023-02-27T14:23:00.000,2023-02-27T17:15:46.000,Closed,Street and Sidewalk Cleaning,1
2023-02-27T14:23:00.000,nan,Open,Graffiti,5
2023-02-27T14:22:58.000,2023-02-27T14:31:00.000,Closed,Encampments,6
2023-02-27T14:21:00.000,2023-02-27T15:14:43.000,Closed,Street and Sidewalk Cleaning,9
2023-02-27T14:21:00.000,nan,Open,Street and Sidewalk Cleaning,5
2023-02-27T14:19:39.000,nan,Open,Child Request,9
2023-02-27T14:19:02.000,nan,Open,Sidewalk or Curb,2
2023-02-27T14:19:00.000,nan,Open,Abandoned Vehicle,7
2023-02-27T14:19:00.000,nan,Open,Rec and Park Requests,10
2023-02-27T14:18:23.000,nan,Open,Graffiti,9
2023-02-27T14:18:00.000,nan,Open,Shared Spaces Violation,9
2023-02-27T14:18:00.000,nan,Open,Abandoned Vehicle,11
2023-02-27T14:18:00.000,nan,Open,Street and Sidewalk Cleaning,1
2023-02-27T14:17:41.000,nan,Open,Graffiti,8
2023-02-27T14:17:39.000,nan,Open,Graffiti,1
2023-02-27T14:17:35.000,nan,Open,Graffiti,1
2023-02-27T14:17:30.000,nan,Open,Graffiti,1
2023-02-27T14:17:27.000,nan,Open,Graffiti,1
2023-02-27T14:17:24.000,nan,Open,Graffiti,1
2023-02-27T14:17:24.000,nan,Open,Encampments,6
2023-02-27T14:17:20.000,nan,Open,Graffiti,1
2023-02-27T14:17:17.000,nan,Open,Graffiti,1
2023-02-27T14:17:14.000,nan,Open,General Request - PUBLIC WORKS,7
2023-02-27T14:17:00.000,2023-02-27T14:44:18.000,Closed,Parking Enforcement,4
2023-02-27T14:15:00.000,2023-02-27T16:11:06.000,Closed,Parking Enforcement,2
2023-02-27T14:15:00.000,nan,Open,Residential Building Request,8
2023-02-27T14:14:00.000,nan,Open,Street and Sidewalk Cleaning,6
2023-02-27T14:12:54.000,2023-02-27T14:55:00.000,Closed,Street and Sidewalk Cleaning,5
2023-02-27T14:12:00.000,2023-02-27T15:23:42.000,Closed,Parking Enforcement,9
2023-02-27T14:10:00.000,2023-02-27T15:12:17.000,Closed,Parking Enforcement,9
2023-02-27T14:10:00.000,nan,Open,Street and Sidewalk Cleaning,3
2023-02-27T14:09:00.000,nan,Open,Street and Sidewalk Cleaning,9
2023-02-27T14:08:39.000,2023-02-27T14:10:00.000,Closed,Encampments,6
2023-02-27T14:08:00.000,nan,Open,Encampments,6
2023-02-27T14:08:00.000,2023-02-27T18:31:09.000,Closed,Parking Enforcement,10
2023-02-27T14:08:00.000,nan,Open,Street and Sidewalk Cleaning,5
2023-02-27T14:06:58.000,2023-02-27T19:45:41.000,Closed,Street and Sidewalk Cleaning,11
2023-02-27T14:06:00.000,2023-02-27T15:38:25.000,Closed,Parking Enforcement,6
2023-02-27T14:05:38.000,2023-02-27T14:54:56.000,Closed,Street and Sidewalk Cleaning,3
2023-02-27T14:05:24.000,nan,Open,Tree Maintenance,2
2023-02-27T14:04:00.000,2023-02-27T18:01:00.000,Closed,Street and Sidewalk Cleaning,3
2023-02-27T14:03:33.000,2023-02-27T19:45:41.000,Closed,Street and Sidewalk Cleaning,6
2023-02-27T14:02:00.000,nan,Open,Street and Sidewalk Cleaning,5
2023-02-27T14:02:00.000,2023-02-27T14:09:21.000,Closed,Parking Enforcement,6
2023-02-27T14:01:06.000,nan,Open,Street Defects,7
2023-02-27T14:01:03.000,nan,Open,Abandoned Vehicle,9
2023-02-27T14:00:00.000,nan,Open,Abandoned Vehicle,2
2023-02-27T14:00:00.000,nan,Open,Street and Sidewalk Cleaning,9
2023-02-27T13:59:00.000,2023-02-27T14:37:40.000,Closed,Parking Enforcement,2
2023-02-27T13:58:28.000,2023-02-27T14:35:52.000,Closed,Street and Sidewalk Cleaning,7
2023-02-27T13:56:36.000,nan,Open,Graffiti,6
2023-02-27T13:56:00.000,2023-02-27T14:17:00.000,Closed,Residential Building Request,1
2023-02-27T13:56:00.000,nan,Open,Tree Maintenance,9
2023-02-27T13:56:00.000,2023-02-27T14:46:11.000,Closed,Parking Enforcement,11
2023-02-27T13:56:00.000,2023-02-27T14:43:08.000,Closed,General Request - PUBLIC WORKS,3
2023-02-27T13:55:16.000,nan,Open,Graffiti,6
2023-02-27T13:54:00.000,2023-02-27T19:55:00.000,Closed,Street and Sidewalk Cleaning,9
2023-02-27T13:54:00.000,nan,Open,Sidewalk or Curb,9
2023-02-27T13:54:00.000,2023-02-27T15:48:00.000,Closed,Street and Sidewalk Cleaning,1
2023-02-27T13:54:00.000,nan,Open,Graffiti,6
2023-02-27T13:53:00.000,nan,Open,Graffiti,6
2023-02-27T13:53:00.000,nan,Open,Street and Sidewalk Cleaning,9
2023-02-27T13:52:12.000,2023-02-27T14:44:22.000,Closed,Street and Sidewalk Cleaning,3
2023-02-27T13:52:00.000,2023-02-27T14:55:41.000,Closed,Parking Enforcement,11
2023-02-27T13:52:00.000,2023-02-27T16:06:35.000,Closed,Street and Sidewalk Cleaning,5
2023-02-27T13:51:00.000,2023-02-27T17:11:43.000,Closed,Encampments,5
2023-02-27T13:51:00.000,nan,Open,Damaged Property,6
2023-02-27T13:51:00.000,nan,Open,Sidewalk or Curb,11
2023-02-27T13:51:00.000,nan,Open,Street and Sidewalk Cleaning,5
2023-02-27T13:50:30.000,nan,Open,General Request - MTA,4
2023-02-27T13:50:00.000,2023-02-27T14:04:20.000,Closed,Parking Enforcement,2
2023-02-27T13:50:00.000,2023-02-27T15:09:21.000,Closed,Parking Enforcement,8
2023-02-27T13:49:28.000,nan,Open,Street Defects,4
2023-02-27T13:49:00.000,nan,Open,Graffiti,9
2023-02-27T13:49:00.000,2023-02-27T14:11:55.000,Closed,Parking Enforcement,2
2023-02-27T13:49:00.000,2023-02-27T14:56:18.000,Closed,Parking Enforcement,8
2023-02-27T13:49:00.000,nan,Open,Graffiti,5
2023-02-27T13:49:00.000,2023-02-27T14:21:00.000,Closed,General Request - DPH,10
2023-02-27T13:48:59.000,2023-02-27T19:45:36.000,Closed,Street and Sidewalk Cleaning,10
2023-02-27T13:48:25.000,nan,Open,Sign Repair,5
2023-02-27T13:47:55.000,nan,Open,Sign Repair,5
2023-02-27T13:47:52.000,2023-02-27T16:49:49.000,Closed,Sewer Issues,4
2023-02-27T13:47:39.000,nan,Open,Streetlights,4
2023-02-27T13:47:00.000,2023-02-27T14:08:33.000,Closed,Parking Enforcement,6
2023-02-27T13:46:53.000,nan,Open,Sewer Issues,1
2023-02-27T13:46:37.000,nan,Open,Sign Repair,4
2023-02-27T13:46:00.000,nan,Open,Rec and Park Requests,5
2023-02-27T13:46:00.000,2023-02-27T19:21:47.000,Closed,Parking Enforcement,6
